palabra,instancia
cumbia,23
corte,1
putre,20
tusca,1
corrida,1
extrema,1
chungara,1
gran,1
evento,1
deportivo,1
impulsado,1
region,2
cooperativa,1
queda,1
hija,5
pasare,1
noche,1
convertire,1
verdadero,1
hijo,1
excelente,1
jornada,2
trabajo,3
provincia,1
dispuesta,1
seguir,1
trabajando,1
prev,1
clima,1
resto,1
azapa,1
lluta,1
socoroma,1
visviri,2
camarones,1
codpa,1
caletavitor,1
chaca,1
aricamia47,1
destacan,1
conjunto,1
lasubdere,1
escuelas,1
comuna,1
tenencia,2
noviembre,1
realizo,1
belen,1
pawa,1
aricasenda,1
comenzamos,1
seminario,1
festividades,1
religiosas,1
alcoho,1
inedito,1
operativo,1
ecografias,1
cesfam,1
permitio,1
atender,1
usuarios,1
lista,1
espera,1
gestion,1
conj,1
taltal,1
bahiainglesa,1
valledeelqui,1
montepatria,1
destinos,1
norte,1
finalistas,1
concurso,1
ursidozurdo,1
pela0yakuzza,1
abuela,1
hacia,1
mistela,1
termino,1
novena,1
antonio,1
pinares,1
nube,1
caro,1
unido,1
amistades,1
rrss,1
conoci,1
arica,1
princesa,1
margaret,1
inglaterra,1
declarada,1
ilustre,1
visito,1
lugar,1
dejo,1
ahora,1
nombrar,1
cojer,1
dije,1
guaaauuu,1
ponerse,1
loco,1
volvi,1
mire,1
espejo,1
hijos,2
conchita,1
ingrata,1
visitenos,2
elciudadano,1
quieren,1
declarar,1
putaendo,1
analizando,1
municipio,1
educa,1
estudiantes,1
responsable,1
animales,1
destaca,1
alcaldesa,1
maricel,1
gutierrez,1
propuesta,1
comunal,1
plan,1
encargo,1
tras,2
video,2
subido,2
redes,2
sociales,2
denuncio,2
derrame,3
aguas,3
servidas,3
planta,2
tratamiento,2
diputado,1
vlado,1
mirosevic,1
solicita,1
tomar,1
medidas,1
